36,–¢–µ–Ω–Ω–∏—Å,4,"–ù–∞—Å—Ç–æ–ª—å–Ω—ã–π —Ç–µ–Ω–Ω–∏—Å, –¥–ª—è –ª—é–±–∏—Ç–µ–ª–µ–π –∞–∫—Ç–∏–≤–Ω–æ–≥–æ –æ—Ç–¥—ã—Ö–∞",no,18,4,1
37,–î–æ—Å–∫–∞ –¥–ª—è —Ä–∏—Å–æ–≤–∞–Ω–∏—è,4,–ò—Å–ø–æ–ª—å–∑—É–µ—Ç—Å—è –¥–ª—è —Ä–∞–∑–Ω—ã—Ö –Ω–∞–∑–Ω–∞—á–µ–Ω–∏–π),no,18,4,1
38,–•–æ–ª 18 —ç—Ç–∞–∂,1,–•–æ–ª –Ω–∞ 18 —ç—Ç–∞–∂–µ,no,18,5,1
39,–ö—É—Ö–Ω—è 17 —ç—Ç–∞–∂,1,–ö—É—Ö–Ω—è –Ω–∞ 17 —ç—Ç–∞–∂–µ,no,17,7,1
40,–ö—É—Ö–Ω—è 18 —ç—Ç–∞–∂,1,–ö—É—Ö–Ω—è –Ω–∞ 18 —ç—Ç–∞–∂–µ,no,18,9,1
41,–ü–µ—Ä–µ–≥–æ–≤–æ—Ä–∫–∞ 20 —ç—Ç–∞–∂,1,–ö–æ–º–Ω–∞—Ç–∞ –¥–ª—è –ø–µ—Ä–µ–≥–æ–≤–æ—Ä–æ–≤,no,20,12,1
42,–ü–µ—Ä–µ–≥–æ–≤–æ—Ä–∫–∞ 18 —ç—Ç–∞–∂,1,–ö–æ–º–Ω–∞—Ç–∞ –¥–ª—è –ø–µ—Ä–µ–≥–æ–≤–æ—Ä–æ–≤ –Ω–∞ 18 —ç—Ç–∞–∂–µ,no,18,41,1
34,üé∏ –ì–∏—Ç–∞—Ä–∞,2,–®–µ—Å—Ç—å —Å—Ç—Ä—É–Ω,https://music-hummer.ru/upload/iblock/edc/edc6c9af7f58cb220b393e81587d9234.jpg,20,3,1
100,"–¢–µ–Ω–Ω–∏—Å
",4,"–ù–∞—Å—Ç–æ–ª—å–Ω—ã–π —Ç–µ–Ω–Ω–∏—Å –¥–ª—è –ª—é–±–∏—Ç–µ–ª–µ–π –∞–∫—Ç–∏–≤–Ω–æ–≥–æ –æ—Ç–¥—ã—Ö–∞
",https://iqplanet.ru/upload/iblock/58d/58d1c5bfcea3e9cf75acbb1d382dfc1d.jpg,20,0,1
101,"–î–æ—Å–∫–∞ –¥–ª—è —Ä–∏—Å–æ–≤–∞–Ω–∏—è
",4,"",https://www.shop.kostyor.ru/images/cat/197/fs/8707.jpg,17,0,1
102,"–î–æ—Å–∫–∞ –¥–ª—è —Ä–∏—Å–æ–≤–∞–Ω–∏—è
",4,"",https://www.shop.kostyor.ru/images/cat/197/fs/8707.jpg,18,0,1
103,"–î–æ—Å–∫–∞ –¥–ª—è —Ä–∏—Å–æ–≤–∞–Ω–∏—è
",4,"",https://www.shop.kostyor.ru/images/cat/197/fs/8707.jpg,20,0,1
104,"–•–æ–ª–ª 17 —ç—Ç–∞–∂–∞
",1,"–•–æ–ª–ª 17 —ç—Ç–∞–∂–∞
",https://sib.fm/storage/article/July2021/85vBbkTrRno.jpg,17,171,1
105,"–•–æ–ª–ª 18 —ç—Ç–∞–∂–∞
",1,"–•–æ–ª–ª 18 —ç—Ç–∞–∂–∞
",https://avatars.mds.yandex.net/get-altay/5099256/2a00000181425b052c7ff9434e358f5a7dbf/XXL,18,181,1
106,"–•–æ–ª–ª 20 —ç—Ç–∞–∂–∞
",1,"–•–æ–ª–ª 20 —ç—Ç–∞–∂–∞
",https://avatars.mds.yandex.net/get-altay/5099256/2a00000181425b052c7ff9434e358f5a7dbf/XXL,20,201,1
107,"–ö—É—Ö–Ω—è 17 —ç—Ç–∞–∂–∞
",1,"–ö—É—Ö–Ω—è 17 —ç—Ç–∞–∂–∞
",https://21-school.ru/assets/images/kampuses/kazan/kazan-6.webp,17,172,1
108,"–ö—É—Ö–Ω—è 18 —ç—Ç–∞–∂–∞
",1,"–ö—É—Ö–Ω—è 18 —ç—Ç–∞–∂–∞
",https://21-school.ru/assets/images/kampuses/kazan/kazan-6.webp,18,182,1
109,"–ö—É—Ö–Ω—è 20 —ç—Ç–∞–∂–∞
",1,"–ö—É—Ö–Ω—è 20 —ç—Ç–∞–∂–∞
",https://21-school.ru/assets/images/kampuses/kazan/kazan-6.webp,20,202,1
43,üïπ Play Station 5 Pro,2,–ü–ª–æ–π–∫–∞,https://3dnews.ru/assets/external/illustrations/2021/10/06/1050675/cav1.jpg,20,34,1
111,‚öΩÔ∏è –ö–∏–∫–µ—Ä,2,–î–ª—è –ª—é–±–∏—Ç–µ–ª–µ–π —Ñ—É—Ç–±–æ–ª–∞,https://www.weekend-billiard.ru/upload/iblock/fc7/5394_large5.jpg,18,183,1
112,üèí –ê—ç—Ä–æ—Ö–æ–∫–∫–µ–π,2,–î–ª—è –ª—é–±–∏—Ç–µ–ª–µ–π —Ö–æ–∫–∫–µ—è,https://www.weekend-billiard.ru/upload/iblock/da8/5422_large5_1.jpg,18,183,1
35,üé∞ –ò–≥—Ä–æ–≤–æ–π –∞–≤—Ç–æ–º–∞—Ç,2,"–ò–≥—Ä–æ–≤–æ–π –∞–≤—Ç–æ–º–∞—Ç ""–¢—Ä–∏ —Ç–æ–ø–æ—Ä–∞""",https://s.0532.ua/section/promonewsintext/upload/images/promo/intext/000/054/752/0532-2_62dbea473215d.jpg,20,3,1
110,üéØ –î–∞—Ä—Ç—Å,2,–î–ª—è –ª—é–±–∏—Ç–µ–ª–µ–π –ø–æ–∫–∏–¥–∞—Ç—å—Å—è —á–µ–º-–Ω–∏–±—É–¥—å –æ—Å—Ç—Ä—ã–º,https://cdn3.static1-sima-land.com/items/4490132/0/400.jpg?v=1598429123,20,203,1
1,üéÆ XBOX,2,–ò–≥—Ä–æ–≤–∞—è –ø—Ä–∏—Å—Ç–∞–≤–∫–∞ –ø–æ–¥–∫–ª—é—á–µ–Ω–Ω–∞—è –∫ –±–æ–ª—å—à–æ–º—É –º–æ–Ω–∏—Ç–æ—Ä—É (4 –≥–µ–π–º–ø–∞–¥–∞),https://www.ixbt.com/img/n1/news/2022/0/4/b8bbffcd-3e6c-4609-a361-ef8c1ab13349_large.jpg,20,3,1
113,ü§º‚Äç‚ôÇÔ∏è –ú–æ—Ä—Ç–∞–ª –∫–æ–º–±–∞—Ç,2,"–ò–≥—Ä–æ–≤–æ–π –∞–≤—Ç–æ–º–∞—Ç ""–ú–æ—Ä—Ç–∞–ª –∫–æ–º–±–æ—Ç""",https://3-8d.ru/upload/resize_cache/iblock/30e/1200_1200_140cd750bba9870f18aada2478b24840a/30e1a360edf5f947d0c4ead6ea7c5f98.jpg,20,203,1
